{"_step":0,"val_accuracy":0.8854444444444445,"val_roc_auc":0.9411110357142858,"val_precision":0.7988895743368292,"_wandb":{"runtime":14},"_runtime":14,"val_recall":0.6475,"_timestamp":1.7623743828034084e+09}