{"_timestamp":1.762344627741332e+09,"_step":0,"val_accuracy":0.8491111111111111,"val_roc_auc":0.9388425,"val_precision":0.9268617021276596,"_wandb":{"runtime":0},"_runtime":0,"val_recall":0.3485}