{"val_accuracy":0.8872222222222222,"val_roc_auc":0.9448397142857142,"val_precision":0.7545219638242894,"_wandb":{"runtime":0},"_runtime":0,"val_recall":0.73,"_timestamp":1.7621205805641713e+09,"_step":0}