{"val_precision":0.7602956705385427,"val_recall":0.72,"_timestamp":1.7623446572971323e+09,"_wandb":{"runtime":0},"_runtime":0,"_step":0,"val_accuracy":0.8873333333333333,"val_roc_auc":0.9443317142857144}