{"baseline_precision":0.7542591636551368,"baseline_recall":0.7305,"_timestamp":1.7621146016439965e+09,"_wandb":{"runtime":5},"_runtime":5,"_step":0,"baseline_accuracy":0.8872222222222222,"baseline_roc_auc":0.9449719285714285}