{"baseline_accuracy":0.8872222222222222,"baseline_roc_auc":0.9449719285714285,"baseline_precision":0.7542591636551368,"baseline_recall":0.7305,"_timestamp":1.7627163840261202e+09,"_step":0,"_wandb":{"runtime":3},"_runtime":3}