{"val_precision":0.7543859649122807,"val_recall":0.731,"_timestamp":1.7627164273813953e+09,"_wandb":{"runtime":0},"_runtime":0,"_step":0,"val_accuracy":0.8873333333333333,"val_roc_auc":0.944802642857143}