{"_step":0,"val_accuracy":0.8873333333333333,"val_roc_auc":0.9449594285714287,"val_precision":0.7543859649122807,"val_recall":0.731,"_wandb":{"runtime":2},"_runtime":2,"_timestamp":1.7621205928051524e+09}