{"_step":0,"val_accuracy":0.8874444444444445,"val_roc_auc":0.9448854999999999,"val_precision":0.7547754259163655,"val_recall":0.731,"_timestamp":1.7623744379668922e+09,"_wandb":{"runtime":1},"_runtime":1}