{"val_precision":0.7550387596899225,"val_recall":0.7305,"_timestamp":1.762716438683606e+09,"_wandb":{"runtime":0},"_runtime":0,"_step":0,"val_accuracy":0.8874444444444445,"val_roc_auc":0.9448038571428573}