{"val_recall":0.6495,"_timestamp":1.762374415591115e+09,"_wandb":{"runtime":21},"_runtime":21,"_step":0,"val_accuracy":0.8856666666666667,"val_roc_auc":0.9412107857142858,"val_precision":0.7984019668100799}