{"_timestamp":1.7627164643063e+09,"_step":0,"_wandb":{"runtime":0},"_runtime":0,"val_accuracy":0.8848888888888888,"val_roc_auc":0.9410174285714286,"val_precision":0.8113695090439277,"val_recall":0.628}