{"val_recall":0.731,"_timestamp":1.7623446175949798e+09,"_step":0,"val_accuracy":0.8873333333333333,"val_roc_auc":0.9448997857142857,"_wandb":{"runtime":1},"_runtime":1,"val_precision":0.7543859649122807}