{"val_roc_auc":0.9448994285714287,"_wandb":{"runtime":17},"_runtime":17,"val_precision":0.7543859649122807,"val_recall":0.731,"_timestamp":1.7623445859544737e+09,"_step":0,"val_accuracy":0.8873333333333333}