{"_runtime":0,"val_accuracy":0.8874444444444445,"val_roc_auc":0.9447958571428572,"val_precision":0.7547754259163655,"val_recall":0.731,"_timestamp":1.7627164107796237e+09,"_step":0,"_wandb":{"runtime":0}}