{"_runtime":1,"_timestamp":1.7623744273315942e+09,"_step":0,"val_accuracy":0.8467777777777777,"val_roc_auc":0.9385837142857143,"val_precision":0.9282758620689655,"val_recall":0.3365,"_wandb":{"runtime":1}}