{"val_recall":0.731,"_wandb":{"runtime":1},"_runtime":1,"_timestamp":1.7621205589594047e+09,"_step":0,"val_accuracy":0.8873333333333333,"val_roc_auc":0.9448037857142857,"val_precision":0.7543859649122807}